,model,accuracy,f1_score,time
0,vgg16,0.4274061990212072,0.4274061990212072,6488.153274774551
1,vgg19,0.4274061990212072,0.4274061990212072,4109.694257259369
